url_length,hostname_length,dot_count,hyphen_count,digit_count,at_count,extra_double_slash_count,question_mark_count,equals_count,has_ip_address_host,subdomain_count,digit_ratio,has_shortener_domain,hostname_entropy,suspicious_token_count,encoded_character_count
25,17,2,0,0,0,0,0,0,0,1,0.0,0,3.29277019393699,0,0
25,17,3,0,0,0,0,0,0,0,2,0.0,0,3.29277019393699,0,0
35,27,3,1,0,0,0,0,0,0,2,0.0,0,3.661932872373582,0,0
104,7,4,0,9,1,0,0,0,0,0,0.09782608695652174,0,2.521640636343318,0,0
29,22,2,0,0,0,0,0,0,0,1,0.0,0,3.7544418457133455,0,0
37,30,3,0,9,0,0,0,0,0,2,0.2903225806451613,0,3.8062389286533898,0,0
31,23,2,0,0,0,0,0,0,0,1,0.0,0,3.762267390651494,0,0
19,11,2,0,0,0,0,0,0,0,1,0.0,0,2.6635327548042547,0,0
34,25,2,1,6,0,0,0,0,0,1,0.2222222222222222,0,4.133660689688186,0,0
21,13,2,0,1,0,0,0,0,0,1,0.0625,0,3.0269868333592873,0,0
28,21,2,0,0,0,0,0,0,0,1,0.0,0,3.594465636961452,0,0
46,39,5,2,4,0,0,0,0,0,4,0.1111111111111111,0,4.09656816818019,0,0
22,14,3,0,0,0,0,0,0,0,2,0.0,0,2.6455933144511468,0,0
18,11,2,0,0,0,0,0,0,0,1,0.0,0,2.6635327548042547,0,0
24,16,2,0,0,0,0,0,0,0,1,0.0,0,3.452819531114783,0,0
26,18,2,0,0,0,0,0,0,0,1,0.0,0,3.197159723424149,0,0
30,22,2,0,0,0,0,0,0,0,1,0.0,0,3.572623663895164,0,0
27,20,2,0,0,0,0,0,0,0,1,0.0,0,3.6464393446710157,0,0
107,51,2,5,0,0,0,0,0,0,1,0.0,0,3.8081624709984796,1,0
23,15,3,0,0,0,0,0,0,0,2,0.0,0,3.139572261986723,0,0
38,30,3,0,0,0,0,0,0,0,2,0.0,0,4.031401845392172,0,0
32,24,2,0,0,0,0,0,0,0,1,0.0,0,3.542481250360578,0,0
19,11,2,0,2,0,0,0,0,0,1,0.14285714285714285,0,2.8453509366224368,0,0
31,23,2,0,0,0,0,0,0,0,1,0.0,0,3.7081320646586016,0,0
49,42,4,3,4,0,0,0,0,0,3,0.10256410256410256,0,4.225185279715573,0,0
41,32,2,1,0,0,0,0,0,0,1,0.0,0,3.777518266288633,0,0
30,22,2,0,0,0,0,0,0,0,1,0.0,0,3.2776134368191157,0,0
23,15,2,0,0,0,0,0,0,0,1,0.0,0,3.0062389286533895,0,0
30,22,2,1,0,0,0,0,0,0,1,0.0,0,3.5383105956150063,0,0
20,13,2,0,2,0,0,0,0,0,1,0.13333333333333333,0,3.0269868333592873,0,0
28,20,3,0,1,0,0,0,0,0,2,0.045454545454545456,0,3.5464393446710156,0,0
28,20,2,0,0,0,0,0,0,0,1,0.0,0,3.684183719779189,0,0
28,21,2,0,0,0,0,0,0,0,1,0.0,0,3.4273334938982645,0,0
29,21,2,0,0,0,0,0,0,0,1,0.0,0,3.499227541723357,0,0
27,19,2,0,0,0,0,0,0,0,1,0.0,0,3.1813663288914587,0,0
31,22,2,1,2,0,0,0,0,0,1,0.08333333333333333,0,3.6978458230844122,0,0
39,30,2,1,3,0,0,0,0,0,1,0.09375,0,3.9898980954642878,0,0
32,24,2,0,0,0,0,0,0,0,1,0.0,0,3.970175521464345,0,0
27,19,2,0,0,0,0,0,0,0,1,0.0,0,3.326360407952694,0,0
29,21,2,0,0,0,0,0,0,0,1,0.0,0,3.499227541723357,0,0
20,12,2,0,0,0,0,0,0,0,1,0.0,0,3.0220552088742005,0,0
26,18,2,1,3,0,0,0,0,0,1,0.15,0,3.6835423624332306,0,0
37,29,2,0,0,0,0,0,0,0,1,0.0,0,4.0472990984266435,0,0
25,11,1,0,1,0,0,0,0,0,0,0.05,1,3.095795255000934,0,0
67,16,3,0,1,0,0,0,0,0,0,0.017241379310344827,0,3.0306390622295662,1,0
29,21,2,0,0,0,0,0,0,0,1,0.0,0,3.4992275417233567,0,0
26,18,2,0,0,0,0,0,0,0,1,0.0,0,3.350209029099897,0,0
28,21,2,0,0,0,0,0,0,0,1,0.0,0,3.7489948035250964,0,0
25,18,3,0,2,0,0,0,0,0,2,0.10526315789473684,0,3.3082708345352603,0,0
26,18,3,0,0,0,0,0,0,0,2,0.0,0,3.155221528859512,0,0
27,19,2,0,0,0,0,0,0,0,1,0.0,0,3.5766176449086657,0,0
34,27,2,0,0,0,0,0,0,0,1,0.0,0,3.7784235030301248,0,0
30,22,2,1,0,0,0,0,0,0,1,0.0,0,3.6978458230844122,0,0
58,14,3,1,15,0,0,1,0,0,1,0.3191489361702128,0,3.521640636343318,0,0
23,16,2,0,0,0,0,0,0,0,1,0.0,0,3.452819531114783,0,0
37,29,2,0,0,0,0,0,0,0,1,0.0,0,3.551970547509392,0,0
23,15,2,0,0,0,0,0,0,0,1,0.0,0,3.240223928941852,0,0
20,12,2,0,0,0,0,0,0,0,1,0.0,0,2.8553885422075336,0,0
20,13,1,0,0,0,0,0,0,0,0,0.0,0,3.238901256602631,0,0
25,18,2,0,0,0,0,0,0,0,1,0.0,0,3.4613201402110083,0,0
27,19,2,0,0,0,0,0,0,0,1,0.0,0,3.076103170996722,0,0
30,22,2,0,0,0,0,0,0,0,1,0.0,0,3.390805482076982,0,0
26,18,3,0,0,0,0,0,0,0,2,0.0,0,3.3082708345352603,0,0
27,19,2,0,0,0,0,0,0,0,1,0.0,0,3.471354487013929,0,0
31,23,2,0,0,0,0,0,0,0,1,0.0,0,3.6753108689123635,0,0
30,22,2,0,0,0,0,0,0,0,1,0.0,0,3.550340709546388,0,0
39,32,3,0,0,0,0,0,0,0,2,0.0,0,3.9917292966721747,0,0
26,18,2,0,0,0,0,0,0,0,1,0.0,0,3.6835423624332306,0,0
38,21,3,0,0,0,0,0,0,0,1,0.0,0,3.558518613048906,0,0
22,15,2,0,0,0,0,0,0,0,1,0.0,0,3.456564762130954,0,0
53,44,2,2,0,0,0,0,0,0,1,0.0,0,3.9056923464418363,0,0
34,25,2,2,0,0,0,0,0,0,1,0.0,0,3.683856189774725,0,0
34,26,2,0,0,0,0,0,0,0,1,0.0,0,3.5654483718208256,0,0
33,25,2,0,0,0,0,0,0,0,1,0.0,0,3.4332696895151082,0,0
21,14,2,0,0,0,0,0,0,0,1,0.0,0,3.0391486719030705,0,0
26,18,2,0,0,0,0,0,0,0,1,0.0,0,3.155221528859512,0,0
21,13,2,0,0,0,0,0,0,0,1,0.0,0,3.180832987205441,0,0
33,25,3,1,0,0,0,0,0,0,2,0.0,0,3.7034651896016473,0,0
41,21,4,0,13,0,0,0,0,0,2,0.3939393939393939,0,3.6537567082870015,0,0
38,30,5,0,0,0,0,0,0,0,4,0.0,0,3.777747162910945,0,0
22,15,2,0,0,0,0,0,0,0,1,0.0,0,3.139572261986723,0,0
35,26,2,1,6,0,0,0,0,0,1,0.21428571428571427,0,4.209867121904035,0,0
24,17,2,0,0,0,0,0,0,0,1,0.0,0,3.29277019393699,0,0
54,36,4,2,0,0,0,0,0,0,3,0.0,0,3.8847954873731343,1,0
34,25,2,1,6,0,0,0,0,0,1,0.2222222222222222,0,4.103465189601647,0,0
25,18,2,0,0,0,0,0,0,0,1,0.0,0,3.530493056757482,0,0
49,40,3,0,2,0,0,0,0,0,2,0.047619047619047616,0,3.6495817701478352,0,0
23,15,3,0,0,0,0,0,0,0,2,0.0,0,2.955913095175825,0,0
33,26,3,0,0,0,0,0,0,0,2,0.0,0,3.657385276650179,0,0
28,20,2,0,0,0,0,0,0,0,1,0.0,0,3.408694969562842,0,0
27,20,2,0,0,0,0,0,0,0,1,0.0,0,3.6464393446710157,0,0
29,20,2,1,4,0,0,0,0,0,1,0.18181818181818182,0,3.8841837197791893,0,0
25,17,2,0,0,0,0,0,0,0,1,0.0,0,3.572469458770135,0,0
29,22,3,0,0,0,0,0,0,0,2,0.0,0,3.5383105956150063,0,0
53,33,3,2,0,0,0,0,0,0,1,0.0,0,4.0060710131011685,0,0
26,18,2,0,0,0,0,0,0,0,1,0.0,0,3.086048612313038,0,0
215,52,4,2,42,0,0,1,1,0,3,0.22702702702702704,0,4.04075197729882,1,12
60,38,4,0,29,0,0,0,0,0,2,0.5576923076923077,0,3.8629488165201464,0,0
22,14,2,0,0,0,0,0,0,0,1,0.0,0,3.3248629576173565,0,0
36,28,2,0,0,0,0,0,0,0,1,0.0,0,3.878783493486176,0,0
46,37,2,4,1,0,0,0,0,0,1,0.027777777777777776,0,4.046762824854521,1,0
24,16,2,0,0,0,0,0,0,0,1,0.0,0,3.25,0,0
27,19,2,0,0,0,0,0,0,0,1,0.0,0,3.2608281712244556,0,0
30,22,2,0,0,0,0,0,0,0,1,0.0,0,3.550340709546388,0,0
26,18,2,0,0,0,0,0,0,0,1,0.0,0,3.0441104177484006,0,0
20,13,2,0,1,0,0,0,0,0,1,0.06666666666666667,0,3.180832987205441,0,0
40,32,4,0,0,0,0,0,0,0,3,0.0,0,3.7417292966721747,0,0
42,33,2,2,5,0,0,0,0,0,1,0.14705882352941177,0,4.18788919491935,0,0
25,16,2,1,2,0,0,0,0,0,1,0.1111111111111111,0,3.625,0,0
47,38,3,0,9,0,0,0,0,0,2,0.225,0,4.076103170996722,0,0
28,20,2,0,3,0,0,0,0,0,1,0.13043478260869565,0,3.8841837197791893,0,0
20,12,2,0,0,0,0,0,0,0,1,0.0,0,2.8553885422075336,0,0
26,18,2,0,0,0,0,0,0,0,1,0.0,0,3.5724312513221195,0,0
31,23,2,0,0,0,0,0,0,0,1,0.0,0,3.5342190211803404,0,0
31,23,2,0,0,0,0,0,0,0,1,0.0,0,3.5013978254341027,0,0
28,20,2,0,0,0,0,0,0,0,1,0.0,0,3.484183719779189,0,0
28,20,2,0,0,0,0,0,0,0,1,0.0,0,3.521928094887363,0,0
27,19,2,0,0,0,0,0,0,0,1,0.0,0,3.5368867237421675,0,0
24,16,2,0,0,0,0,0,0,0,1,0.0,0,3.1556390622295662,0,0
44,36,3,0,0,0,0,0,0,0,2,0.0,0,4.0203672796296965,0,0
22,14,2,0,0,0,0,0,0,0,1,0.0,0,3.1820058147602133,0,0
28,20,2,0,0,0,0,0,0,0,1,0.0,0,3.6464393446710157,0,0
35,28,3,0,0,0,0,0,0,0,2,0.0,0,3.797902689682947,0,0
25,18,2,0,0,0,0,0,0,0,1,0.0,0,3.3082708345352603,0,0
103,15,3,1,6,0,0,0,0,0,1,0.06451612903225806,0,3.506890595608519,0,0
32,24,2,0,0,0,0,0,0,0,1,0.0,0,3.688721875540867,0,0
28,20,3,0,0,0,0,0,0,0,2,0.0,0,3.6086949695628423,0,0
30,22,2,0,0,0,0,0,0,0,1,0.0,0,3.6069367321753214,0,0
23,15,2,0,0,0,0,0,0,0,1,0.0,0,3.056564762130954,0,0
208,52,4,2,19,0,0,2,5,0,3,0.10919540229885058,0,3.979594651691784,1,0
35,9,1,0,2,0,0,0,0,0,0,0.06666666666666667,0,3.169925001442312,0,0
23,15,2,0,0,0,0,0,0,0,1,0.0,0,3.323231428797621,0,0
26,18,2,1,0,0,0,0,0,0,1,0.0,0,3.350209029099897,0,0
26,18,2,0,0,0,0,0,0,0,1,0.0,0,3.5724312513221195,0,0
27,19,2,0,0,0,0,0,0,0,1,0.0,0,3.471354487013929,0,0
20,12,2,0,0,0,0,0,0,0,1,0.0,0,2.688721875540867,0,0
29,21,2,0,0,0,0,0,0,0,1,0.0,0,3.2494602799216175,0,0
35,20,2,0,2,0,0,0,0,0,1,0.06896551724137931,0,3.9219280948873627,0,0
24,16,2,0,0,0,0,0,0,0,1,0.0,0,3.202819531114783,0,0
22,14,2,0,0,0,0,0,0,0,1,0.0,0,3.1820058147602133,0,0
20,13,2,0,0,0,0,0,0,0,1,0.0,0,2.8150724101159437,0,0
35,26,2,1,0,0,0,0,0,0,1,0.0,0,3.7671834678914613,0,0
35,27,4,1,2,0,0,0,0,0,3,0.07692307692307693,0,3.704349428956051,0,0
26,18,2,0,0,0,0,0,0,0,1,0.0,0,3.197159723424149,0,0
51,42,3,1,14,0,0,0,0,0,2,0.32558139534883723,0,4.39531020894716,0,0
23,15,2,0,0,0,0,0,0,0,1,0.0,0,3.456564762130954,0,0
25,17,2,0,0,0,0,0,0,0,1,0.0,0,3.2639334294856335,0,0
23,15,2,0,0,0,0,0,0,0,1,0.0,0,3.1898980954642875,0,0
23,15,2,0,0,0,0,0,0,0,1,0.0,0,3.323231428797621,0,0
96,23,3,0,11,0,0,0,0,0,2,0.125,0,3.795088586397732,0,0
21,14,2,0,0,0,0,0,0,0,1,0.0,0,2.8352377453121176,0,0
41,32,2,2,12,0,0,0,0,0,1,0.36363636363636365,0,4.304229296672175,0,0
32,24,2,0,0,0,0,0,0,0,1,0.0,0,3.7406015629507223,0,0
21,14,2,0,0,0,0,0,0,0,1,0.0,0,3.0391486719030705,0,0
29,21,2,0,0,0,0,0,0,0,1,0.0,0,3.558518613048906,0,0
27,19,3,0,0,0,0,0,0,0,2,0.0,0,3.221097250057957,0,0
26,19,2,1,0,0,0,0,0,0,1,0.0,0,3.0311161724560196,0,0
56,47,3,4,21,0,0,0,0,0,2,0.4666666666666667,0,4.103933331094998,0,0
29,21,3,0,0,0,0,0,0,0,2,0.0,0,3.4273334938982645,0,0
27,19,2,1,0,0,0,0,0,0,1,0.0,0,3.6818808028034025,0,0
22,14,2,0,0,0,0,0,0,0,1,0.0,0,3.0391486719030705,0,0
18,10,2,0,0,0,0,0,0,0,1,0.0,0,2.6464393446710157,0,0
30,22,4,0,0,0,0,0,0,0,3,0.0,0,3.5160276412662306,0,0
55,47,3,4,21,0,0,0,0,0,2,0.4666666666666667,0,4.266730872678045,0,0
20,12,2,0,0,0,0,0,0,0,1,0.0,0,3.0220552088742005,0,0
36,28,2,1,0,0,0,0,0,0,1,0.0,0,3.7264741182543757,0,0
36,17,2,0,0,0,0,0,0,0,0,0.0,0,3.381580488309163,0,0
27,19,2,0,0,0,0,0,0,0,1,0.0,0,3.6421498816369042,0,0
28,20,3,1,0,0,0,0,0,0,2,0.0,0,3.408694969562842,0,0
27,19,2,0,0,0,0,0,0,0,1,0.0,0,3.5766176449086657,0,0
30,22,2,0,0,0,0,0,0,0,1,0.0,0,3.6978458230844122,0,0
22,14,2,0,0,0,0,0,0,0,1,0.0,0,2.9852281360342516,0,0
23,16,2,0,0,0,0,0,0,0,1,0.0,0,3.452819531114783,0,0
52,43,2,4,7,0,0,0,0,0,1,0.16666666666666666,0,4.144417883102941,0,0
35,28,3,0,0,0,0,0,0,0,2,0.0,0,4.110577243331642,0,0
23,15,3,0,0,0,0,0,0,0,2,0.0,0,2.955913095175825,0,0
43,36,2,0,0,0,0,0,0,0,1,0.0,0,4.169925001442312,0,0
26,18,2,0,0,0,0,0,0,0,1,0.0,0,3.350209029099897,0,0
22,14,2,0,0,0,0,0,0,0,1,0.0,0,2.9852281360342516,0,0
30,22,2,1,0,0,0,0,0,0,1,0.0,0,3.3221793455166666,0,0
30,22,2,0,0,0,0,0,0,0,1,0.0,0,3.6635327548042547,0,0
23,14,2,1,0,0,0,0,0,0,1,0.0,0,3.2359263506290326,0,0
39,30,2,2,0,0,0,0,0,0,1,0.0,0,3.6947396630551763,0,0
24,16,2,0,0,0,0,0,0,0,1,0.0,0,3.202819531114783,0,0
24,16,2,0,2,0,0,0,0,0,1,0.10526315789473684,0,3.452819531114783,0,0
21,14,2,0,0,0,0,0,0,0,1,0.0,0,3.1820058147602133,0,0
46,29,5,1,0,0,0,0,0,0,3,0.0,0,3.6764409086968683,0,0
34,26,2,0,0,0,0,0,0,0,1,0.0,0,3.7483286603655745,0,0
38,15,1,1,0,0,0,0,0,0,0,0.0,0,3.1898980954642875,0,0
18,10,2,0,0,0,0,0,0,0,1,0.0,0,2.6464393446710157,0,0
99,74,4,0,14,0,0,0,0,0,2,0.15384615384615385,0,4.7396134200815405,0,0
25,18,2,0,0,0,0,0,0,0,1,0.0,0,3.4613201402110083,0,0
33,14,1,0,0,0,0,0,0,0,0,0.0,0,3.1820058147602133,0,0
28,19,2,0,2,0,0,0,0,0,1,0.09090909090909091,0,3.9321380397593746,2,0
28,20,2,0,0,0,0,0,0,0,1,0.0,0,3.0037016960573486,0,0
22,15,2,0,0,0,0,0,0,0,1,0.0,0,3.1898980954642875,0,0
32,24,2,0,0,0,0,0,0,0,1,0.0,0,3.7720552088742005,0,0
25,17,2,0,0,0,0,0,0,0,1,0.0,0,3.4104172527605194,0,0
21,13,2,0,0,0,0,0,0,0,1,0.0,0,3.0269868333592873,0,0
22,15,2,1,0,0,0,0,0,0,1,0.0,0,3.0062389286533895,0,0
